"ID","Value"
1,-0.626453810742332
2,0.183643324222082
3,-0.835628612410047
4,1.59528080213779
5,0.329507771815361
