"ID","Value"
6,-0.896914546624981
7,0.184849184646742
8,1.58784533120882
9,-1.13037567424629
10,-0.0802517565509893
